https://elegso.ru/	/index.html
https://elegso.ru/accident_lawyer	/accident_lawyer/index.html
https://elegso.ru/appeal_of_judicial_acts	/appeal_of_judicial_acts/index.html
https://elegso.ru/arbitration_lawyer	/arbitration_lawyer/index.html
https://elegso.ru/calc_nst	/calc_nst/index.html
https://elegso.ru/calculator_of_the_balance_of_counter_obligations_in_leasing	/calculator_of_the_balance_of_counter_obligations_in_leasing/index.html
https://elegso.ru/cancellation_of_the_court_order	/cancellation_of_the_court_order/index.html
https://elegso.ru/collect_the_debt	/collect_the_debt/index.html
https://elegso.ru/contacts	/contacts/index.html
https://elegso.ru/contract_drafting_service	/contract_drafting_service/index.html
https://elegso.ru/contract_modification	/contract_modification/index.html
https://elegso.ru/drafting_an_agreement	/drafting_an_agreement/index.html
https://elegso.ru/error404	/error404/index.html
https://elegso.ru/footer	/footer/index.html
https://elegso.ru/header	/header/index.html
https://elegso.ru/judicial_protection	/judicial_protection/index.html
https://elegso.ru/leasing_lawyer	/leasing_lawyer/index.html
https://elegso.ru/mission	/mission/index.html
https://elegso.ru/offer_for_lawyer_20231103	/offer_for_lawyer_20231103/index.html
https://elegso.ru/our_team	/our_team/index.html
https://elegso.ru/page28912341.html	/page28912341.html
https://elegso.ru/page28912345.html	/page28912345.html
https://elegso.ru/page32088114.html	/page32088114.html
https://elegso.ru/page52312037.html	/page52312037.html
https://elegso.ru/property_law	/property_law/index.html
https://elegso.ru/reduction_of_the_penalty_amount	/reduction_of_the_penalty_amount/index.html
https://elegso.ru/refund_of_the_penalty	/refund_of_the_penalty/index.html
https://elegso.ru/representation_in_the_arbitration_court	/representation_in_the_arbitration_court/index.html
https://elegso.ru/restoring_the_contract	/restoring_the_contract/index.html
https://elegso.ru/soglashenie	/soglashenie/index.html
https://elegso.ru/termination_and_restoration_of_contracts	/termination_and_restoration_of_contracts/index.html
https://elegso.ru/termination_of_the_lease_agreement	/termination_of_the_lease_agreement/index.html
https://elegso.ru/trial_lawyer	/trial_lawyer/index.html
https://mc.yandex.ru/metrika/tag.js	/_external/mc.yandex.ru/metrika/tag.js
https://neo.tildacdn.com/js/tilda-fallback-1.0.min.js	/_external/neo.tildacdn.com/js/tilda-fallback-1.0.min.js
https://static.tildacdn.com/css/tilda-animation-2.0.min.css	/_external/static.tildacdn.com/css/tilda-animation-2.0.min.css
https://static.tildacdn.com/css/tilda-cards-1.0.min.css	/_external/static.tildacdn.com/css/tilda-cards-1.0.min.css
https://static.tildacdn.com/css/tilda-catalog-1.1.min.css	/_external/static.tildacdn.com/css/tilda-catalog-1.1.min.css
https://static.tildacdn.com/css/tilda-cover-1.0.min.css	/_external/static.tildacdn.com/css/tilda-cover-1.0.min.css
https://static.tildacdn.com/css/tilda-feed-1.1.min.css	/_external/static.tildacdn.com/css/tilda-feed-1.1.min.css
https://static.tildacdn.com/css/tilda-forms-1.0.min.css	/_external/static.tildacdn.com/css/tilda-forms-1.0.min.css
https://static.tildacdn.com/css/tilda-grid-3.0.min.css	/_external/static.tildacdn.com/css/tilda-grid-3.0.min.css
https://static.tildacdn.com/css/tilda-menusub-1.0.min.css	/_external/static.tildacdn.com/css/tilda-menusub-1.0.min.css
https://static.tildacdn.com/css/tilda-popup-1.1.min.css	/_external/static.tildacdn.com/css/tilda-popup-1.1.min.css
https://static.tildacdn.com/css/tilda-slds-1.4.min.css	/_external/static.tildacdn.com/css/tilda-slds-1.4.min.css
https://static.tildacdn.com/css/tilda-zoom-2.0.min.css	/_external/static.tildacdn.com/css/tilda-zoom-2.0.min.css
https://static.tildacdn.com/img/tildacopy.png	/_external/static.tildacdn.com/img/tildacopy.png
https://static.tildacdn.com/js/hammer.min.js	/_external/static.tildacdn.com/js/hammer.min.js
https://static.tildacdn.com/js/jquery-1.10.2.min.js	/_external/static.tildacdn.com/js/jquery-1.10.2.min.js
https://static.tildacdn.com/js/tilda-animation-2.0.min.js	/_external/static.tildacdn.com/js/tilda-animation-2.0.min.js
https://static.tildacdn.com/js/tilda-calc-1.0.min.js	/_external/static.tildacdn.com/js/tilda-calc-1.0.min.js
https://static.tildacdn.com/js/tilda-cards-1.0.min.js	/_external/static.tildacdn.com/js/tilda-cards-1.0.min.js
https://static.tildacdn.com/js/tilda-catalog-1.1.min.js	/_external/static.tildacdn.com/js/tilda-catalog-1.1.min.js
https://static.tildacdn.com/js/tilda-cover-1.0.min.js	/_external/static.tildacdn.com/js/tilda-cover-1.0.min.js
https://static.tildacdn.com/js/tilda-events-1.0.min.js	/_external/static.tildacdn.com/js/tilda-events-1.0.min.js
https://static.tildacdn.com/js/tilda-feed-1.1.min.js	/_external/static.tildacdn.com/js/tilda-feed-1.1.min.js
https://static.tildacdn.com/js/tilda-forms-1.0.min.js	/_external/static.tildacdn.com/js/tilda-forms-1.0.min.js
https://static.tildacdn.com/js/tilda-lazyload-1.0.min.js	/_external/static.tildacdn.com/js/tilda-lazyload-1.0.min.js
https://static.tildacdn.com/js/tilda-map-1.0.min.js	/_external/static.tildacdn.com/js/tilda-map-1.0.min.js
https://static.tildacdn.com/js/tilda-menu-1.0.min.js	/_external/static.tildacdn.com/js/tilda-menu-1.0.min.js
https://static.tildacdn.com/js/tilda-menusub-1.0.min.js	/_external/static.tildacdn.com/js/tilda-menusub-1.0.min.js
https://static.tildacdn.com/js/tilda-paint-icons.min.js	/_external/static.tildacdn.com/js/tilda-paint-icons.min.js
https://static.tildacdn.com/js/tilda-phone-mask-1.1.min.js	/_external/static.tildacdn.com/js/tilda-phone-mask-1.1.min.js
https://static.tildacdn.com/js/tilda-polyfill-1.0.min.js	/_external/static.tildacdn.com/js/tilda-polyfill-1.0.min.js
https://static.tildacdn.com/js/tilda-popup-1.0.min.js	/_external/static.tildacdn.com/js/tilda-popup-1.0.min.js
https://static.tildacdn.com/js/tilda-products-1.0.min.js	/_external/static.tildacdn.com/js/tilda-products-1.0.min.js
https://static.tildacdn.com/js/tilda-scripts-3.0.min.js	/_external/static.tildacdn.com/js/tilda-scripts-3.0.min.js
https://static.tildacdn.com/js/tilda-skiplink-1.0.min.js	/_external/static.tildacdn.com/js/tilda-skiplink-1.0.min.js
https://static.tildacdn.com/js/tilda-slds-1.4.min.js	/_external/static.tildacdn.com/js/tilda-slds-1.4.min.js
https://static.tildacdn.com/js/tilda-stat-1.0.min.js	/_external/static.tildacdn.com/js/tilda-stat-1.0.min.js
https://static.tildacdn.com/js/tilda-submenublocks-1.0.min.js	/_external/static.tildacdn.com/js/tilda-submenublocks-1.0.min.js
https://static.tildacdn.com/js/tilda-upwidget-1.1.min.js	/_external/static.tildacdn.com/js/tilda-upwidget-1.1.min.js
https://static.tildacdn.com/js/tilda-zoom-2.0.min.js	/_external/static.tildacdn.com/js/tilda-zoom-2.0.min.js
https://static.tildacdn.com/lib/icons/bullets/check2_thin.svg	/_external/static.tildacdn.com/lib/icons/bullets/check2_thin.svg
https://static.tildacdn.com/lib/icons/bullets/check5.svg	/_external/static.tildacdn.com/lib/icons/bullets/check5.svg
https://static.tildacdn.com/lib/icons/tilda/-/paint/355a56--1-0-100/balance.svg	/_external/static.tildacdn.com/lib/icons/tilda/-/paint/355a56--1-0-100/balance.svg
https://static.tildacdn.com/lib/icons/tilda/-/paint/355a56--1-0-100/bankrupt_money.svg	/_external/static.tildacdn.com/lib/icons/tilda/-/paint/355a56--1-0-100/bankrupt_money.svg
https://static.tildacdn.com/lib/icons/tilda/-/paint/355a56--1-0-100/bubble_speach_dialog_conversation_talk.svg	/_external/static.tildacdn.com/lib/icons/tilda/-/paint/355a56--1-0-100/bubble_speach_dialog_conversation_talk.svg
https://static.tildacdn.com/lib/icons/tilda/-/paint/355a56--1-0-100/case_company.svg	/_external/static.tildacdn.com/lib/icons/tilda/-/paint/355a56--1-0-100/case_company.svg
https://static.tildacdn.com/lib/icons/tilda/-/paint/355a56--1-0-100/contract_stamp.svg	/_external/static.tildacdn.com/lib/icons/tilda/-/paint/355a56--1-0-100/contract_stamp.svg
https://static.tildacdn.com/lib/icons/tilda/-/paint/355a56--1-0-100/document_stamp_tour_agency.svg	/_external/static.tildacdn.com/lib/icons/tilda/-/paint/355a56--1-0-100/document_stamp_tour_agency.svg
https://static.tildacdn.com/lib/icons/tilda/-/paint/355a56--1-0-100/earth_globe_world.svg	/_external/static.tildacdn.com/lib/icons/tilda/-/paint/355a56--1-0-100/earth_globe_world.svg
https://static.tildacdn.com/lib/icons/tilda/-/paint/355a56--1-0-100/event_team_building_business.svg	/_external/static.tildacdn.com/lib/icons/tilda/-/paint/355a56--1-0-100/event_team_building_business.svg
https://static.tildacdn.com/lib/icons/tilda/-/paint/355a56--1-0-100/hands_partnership.svg	/_external/static.tildacdn.com/lib/icons/tilda/-/paint/355a56--1-0-100/hands_partnership.svg
https://static.tildacdn.com/lib/icons/tilda/-/paint/355a56--1-0-100/hat_graduate_student_degree_education.svg	/_external/static.tildacdn.com/lib/icons/tilda/-/paint/355a56--1-0-100/hat_graduate_student_degree_education.svg
https://static.tildacdn.com/lib/icons/tilda/-/paint/355a56--1-0-100/inscribed_gavel.svg	/_external/static.tildacdn.com/lib/icons/tilda/-/paint/355a56--1-0-100/inscribed_gavel.svg
https://static.tildacdn.com/lib/icons/tilda/-/paint/355a56--1-0-100/like_social_networks_smm.svg	/_external/static.tildacdn.com/lib/icons/tilda/-/paint/355a56--1-0-100/like_social_networks_smm.svg
https://static.tildacdn.com/lib/icons/tilda/-/paint/355a56--1-0-100/list_control.svg	/_external/static.tildacdn.com/lib/icons/tilda/-/paint/355a56--1-0-100/list_control.svg
https://static.tildacdn.com/lib/icons/tilda/-/paint/355a56--1-0-100/magnifier_search_explore.svg	/_external/static.tildacdn.com/lib/icons/tilda/-/paint/355a56--1-0-100/magnifier_search_explore.svg
https://static.tildacdn.com/lib/icons/tilda/-/paint/355a56--1-0-100/man_lawyer.svg	/_external/static.tildacdn.com/lib/icons/tilda/-/paint/355a56--1-0-100/man_lawyer.svg
https://static.tildacdn.com/lib/icons/tilda/-/paint/355a56--1-0-100/money_payment.svg	/_external/static.tildacdn.com/lib/icons/tilda/-/paint/355a56--1-0-100/money_payment.svg
https://static.tildacdn.com/lib/icons/tilda/-/paint/355a56--1-0-100/phone_consultation.svg	/_external/static.tildacdn.com/lib/icons/tilda/-/paint/355a56--1-0-100/phone_consultation.svg
https://static.tildacdn.com/lib/icons/tilda/-/paint/355a56--1-0-100/rouble_currency.svg	/_external/static.tildacdn.com/lib/icons/tilda/-/paint/355a56--1-0-100/rouble_currency.svg
https://static.tildacdn.com/lib/icons/tilda/-/paint/355a56--1-0-100/security_safety_lock.svg	/_external/static.tildacdn.com/lib/icons/tilda/-/paint/355a56--1-0-100/security_safety_lock.svg
https://static.tildacdn.com/lib/icons/tilda/-/paint/355a56--1-0-100/speach_conflict_controversy.svg	/_external/static.tildacdn.com/lib/icons/tilda/-/paint/355a56--1-0-100/speach_conflict_controversy.svg
https://static.tildacdn.com/lib/icons/tilda/-/paint/355a56--1-0-100/speed_time_fast.svg	/_external/static.tildacdn.com/lib/icons/tilda/-/paint/355a56--1-0-100/speed_time_fast.svg
https://static.tildacdn.com/lib/icons/tilda/-/paint/355a56--1-0-100/strategy_step_progress.svg	/_external/static.tildacdn.com/lib/icons/tilda/-/paint/355a56--1-0-100/strategy_step_progress.svg
https://static.tildacdn.com/lib/icons/tilda/-/paint/355a56--1-0-100/target_audience_search.svg	/_external/static.tildacdn.com/lib/icons/tilda/-/paint/355a56--1-0-100/target_audience_search.svg
https://static.tildacdn.com/lib/icons/tilda/-/paint/355a56--1-0-100/test_write_pen.svg	/_external/static.tildacdn.com/lib/icons/tilda/-/paint/355a56--1-0-100/test_write_pen.svg
https://static.tildacdn.com/lib/icons/tilda/-/paint/355a56--1-0-100/time_hours.svg	/_external/static.tildacdn.com/lib/icons/tilda/-/paint/355a56--1-0-100/time_hours.svg
https://static.tildacdn.com/lib/tildaicon/35393438-6264-4133-a338-633264336131/Tilda_Icons_28_law_contract.svg	/_external/static.tildacdn.com/lib/tildaicon/35393438-6264-4133-a338-633264336131/Tilda_Icons_28_law_contract.svg
https://static.tildacdn.com/tild3030-3030-4962-b332-643232663630/_2.jpg	/_external/static.tildacdn.com/tild3030-3030-4962-b332-643232663630/_2.jpg
https://static.tildacdn.com/tild3032-3934-4364-a362-356565613337/_7.jpg	/_external/static.tildacdn.com/tild3032-3934-4364-a362-356565613337/_7.jpg
https://static.tildacdn.com/tild3033-3733-4332-a161-666132656439/vector.svg	/_external/static.tildacdn.com/tild3033-3733-4332-a161-666132656439/vector.svg
https://static.tildacdn.com/tild3039-3661-4132-a164-636534323061/_36.jpg	/_external/static.tildacdn.com/tild3039-3661-4132-a164-636534323061/_36.jpg
https://static.tildacdn.com/tild3061-6566-4134-a635-653564383832/photo.png	/_external/static.tildacdn.com/tild3061-6566-4134-a635-653564383832/photo.png
https://static.tildacdn.com/tild3062-6536-4465-b065-653036353332/_6.jpg	/_external/static.tildacdn.com/tild3062-6536-4465-b065-653036353332/_6.jpg
https://static.tildacdn.com/tild3130-6139-4536-b565-316230393733/--.jpg	/_external/static.tildacdn.com/tild3130-6139-4536-b565-316230393733/--.jpg
https://static.tildacdn.com/tild3136-3265-4834-b932-343637656265/_29.jpg	/_external/static.tildacdn.com/tild3136-3265-4834-b932-343637656265/_29.jpg
https://static.tildacdn.com/tild3161-3535-4031-a130-653535306362/-.jpg	/_external/static.tildacdn.com/tild3161-3535-4031-a130-653535306362/-.jpg
https://static.tildacdn.com/tild3162-6363-4465-b565-663863306238/noroot.png	/_external/static.tildacdn.com/tild3162-6363-4465-b565-663863306238/noroot.png
https://static.tildacdn.com/tild3163-3039-4931-b633-313734346130/_33.jpg	/_external/static.tildacdn.com/tild3163-3039-4931-b633-313734346130/_33.jpg
https://static.tildacdn.com/tild3235-6433-4364-a535-643564626636/---.jpg	/_external/static.tildacdn.com/tild3235-6433-4364-a535-643564626636/---.jpg
https://static.tildacdn.com/tild3237-3762-4531-a532-643637646335/-.jpg	/_external/static.tildacdn.com/tild3237-3762-4531-a532-643637646335/-.jpg
https://static.tildacdn.com/tild3261-6439-4961-b961-356664653261/_7.jpg	/_external/static.tildacdn.com/tild3261-6439-4961-b961-356664653261/_7.jpg
https://static.tildacdn.com/tild3263-3638-4865-b731-316466323536/_34.jpg	/_external/static.tildacdn.com/tild3263-3638-4865-b731-316466323536/_34.jpg
https://static.tildacdn.com/tild3265-6130-4536-a335-363535613563/noroot.png	/_external/static.tildacdn.com/tild3265-6130-4536-a335-363535613563/noroot.png
https://static.tildacdn.com/tild3265-6639-4062-a633-373439326566/noroot.png	/_external/static.tildacdn.com/tild3265-6639-4062-a633-373439326566/noroot.png
https://static.tildacdn.com/tild3266-6664-4431-b765-623464306662/photo.png	/_external/static.tildacdn.com/tild3266-6664-4431-b765-623464306662/photo.png
https://static.tildacdn.com/tild3335-3431-4531-b830-333533393764/_7.jpg	/_external/static.tildacdn.com/tild3335-3431-4531-b830-333533393764/_7.jpg
https://static.tildacdn.com/tild3337-3539-4131-a632-656266353239/---1.jpg	/_external/static.tildacdn.com/tild3337-3539-4131-a632-656266353239/---1.jpg
https://static.tildacdn.com/tild3337-6663-4534-b431-633364313861/_6.jpg	/_external/static.tildacdn.com/tild3337-6663-4534-b431-633364313861/_6.jpg
https://static.tildacdn.com/tild3339-3236-4064-a438-636635643339/-.jpg	/_external/static.tildacdn.com/tild3339-3236-4064-a438-636635643339/-.jpg
https://static.tildacdn.com/tild3365-3166-4233-b865-343635343031/noroot.png	/_external/static.tildacdn.com/tild3365-3166-4233-b865-343635343031/noroot.png
https://static.tildacdn.com/tild3366-3866-4739-a662-653263333965/-.jpg	/_external/static.tildacdn.com/tild3366-3866-4739-a662-653263333965/-.jpg
https://static.tildacdn.com/tild3433-6366-4135-a164-626261313930/_.png	/_external/static.tildacdn.com/tild3433-6366-4135-a164-626261313930/_.png
https://static.tildacdn.com/tild3461-3137-4463-b639-323766326336/_15.jpg	/_external/static.tildacdn.com/tild3461-3137-4463-b639-323766326336/_15.jpg
https://static.tildacdn.com/tild3461-6262-4931-b133-343837333838/vector.svg	/_external/static.tildacdn.com/tild3461-6262-4931-b133-343837333838/vector.svg
https://static.tildacdn.com/tild3465-3631-4235-b536-313331643633/noroot.png	/_external/static.tildacdn.com/tild3465-3631-4235-b536-313331643633/noroot.png
https://static.tildacdn.com/tild3466-3533-4262-b266-643436653938/photo.png	/_external/static.tildacdn.com/tild3466-3533-4262-b266-643436653938/photo.png
https://static.tildacdn.com/tild3530-6533-4161-b630-623434616263/noroot.png	/_external/static.tildacdn.com/tild3530-6533-4161-b630-623434616263/noroot.png
https://static.tildacdn.com/tild3533-3233-4561-b865-333734343134/photo.png	/_external/static.tildacdn.com/tild3533-3233-4561-b865-333734343134/photo.png
https://static.tildacdn.com/tild3537-6665-4330-a433-613639643461/---1.jpg	/_external/static.tildacdn.com/tild3537-6665-4330-a433-613639643461/---1.jpg
https://static.tildacdn.com/tild3561-6238-4264-b733-383935623634/vector.svg	/_external/static.tildacdn.com/tild3561-6238-4264-b733-383935623634/vector.svg
https://static.tildacdn.com/tild3562-6664-4334-a462-656138653063/9056138.png	/_external/static.tildacdn.com/tild3562-6664-4334-a462-656138653063/9056138.png
https://static.tildacdn.com/tild3565-3939-4165-b438-356334356666/vector.svg	/_external/static.tildacdn.com/tild3565-3939-4165-b438-356334356666/vector.svg
https://static.tildacdn.com/tild3633-3432-4766-a433-353138376132/_14.jpg	/_external/static.tildacdn.com/tild3633-3432-4766-a433-353138376132/_14.jpg
https://static.tildacdn.com/tild3635-3939-4563-b032-313961396162/photo.jpg	/_external/static.tildacdn.com/tild3635-3939-4563-b032-313961396162/photo.jpg
https://static.tildacdn.com/tild3636-3336-4163-b661-383766333432/vector.svg	/_external/static.tildacdn.com/tild3636-3336-4163-b661-383766333432/vector.svg
https://static.tildacdn.com/tild3637-3437-4237-b361-666239623032/1.png	/_external/static.tildacdn.com/tild3637-3437-4237-b361-666239623032/1.png
https://static.tildacdn.com/tild3637-6330-4537-a364-626461633136/vector.svg	/_external/static.tildacdn.com/tild3637-6330-4537-a364-626461633136/vector.svg
https://static.tildacdn.com/tild3638-6562-4335-b366-336461303932/vector.svg	/_external/static.tildacdn.com/tild3638-6562-4335-b366-336461303932/vector.svg
https://static.tildacdn.com/tild3639-3165-4162-b236-353838666134/photo.png	/_external/static.tildacdn.com/tild3639-3165-4162-b236-353838666134/photo.png
https://static.tildacdn.com/tild3662-3364-4662-a439-616539306333/--.jpg	/_external/static.tildacdn.com/tild3662-3364-4662-a439-616539306333/--.jpg
https://static.tildacdn.com/tild3666-3633-4936-a161-643832363361/vector.svg	/_external/static.tildacdn.com/tild3666-3633-4936-a161-643832363361/vector.svg
https://static.tildacdn.com/tild3733-6435-4330-a135-323663316363/--.jpg	/_external/static.tildacdn.com/tild3733-6435-4330-a135-323663316363/--.jpg
https://static.tildacdn.com/tild3734-3364-4336-a264-346230323063/--.jpg	/_external/static.tildacdn.com/tild3734-3364-4336-a264-346230323063/--.jpg
https://static.tildacdn.com/tild3734-6536-4632-b832-346239333965/photo.png	/_external/static.tildacdn.com/tild3734-6536-4632-b832-346239333965/photo.png
https://static.tildacdn.com/tild3734-6538-4361-b561-386664316366/_30.jpg	/_external/static.tildacdn.com/tild3734-6538-4361-b561-386664316366/_30.jpg
https://static.tildacdn.com/tild3736-6165-4439-a232-616538323231/favicon_1.ico	/_external/static.tildacdn.com/tild3736-6165-4439-a232-616538323231/favicon_1.ico
https://static.tildacdn.com/tild3737-3933-4262-b264-363665613636/photo.png	/_external/static.tildacdn.com/tild3737-3933-4262-b264-363665613636/photo.png
https://static.tildacdn.com/tild3737-6461-4531-b436-373235616537/_1.jpg	/_external/static.tildacdn.com/tild3737-6461-4531-b436-373235616537/_1.jpg
https://static.tildacdn.com/tild3738-3434-4461-b065-613636326437/_9.jpg	/_external/static.tildacdn.com/tild3738-3434-4461-b065-613636326437/_9.jpg
https://static.tildacdn.com/tild3833-3235-4231-b064-393435303361/_4.jpg	/_external/static.tildacdn.com/tild3833-3235-4231-b064-393435303361/_4.jpg
https://static.tildacdn.com/tild3833-3565-4931-b462-343130633030/--.jpg	/_external/static.tildacdn.com/tild3833-3565-4931-b462-343130633030/--.jpg
https://static.tildacdn.com/tild3833-6365-4164-b435-613038616639/sg_pic_685d4bb2f220f.png	/_external/static.tildacdn.com/tild3833-6365-4164-b435-613038616639/sg_pic_685d4bb2f220f.png
https://static.tildacdn.com/tild3834-6336-4961-a636-313937366533/-.jpg	/_external/static.tildacdn.com/tild3834-6336-4961-a636-313937366533/-.jpg
https://static.tildacdn.com/tild3835-3161-4233-b062-653966646463/-.jpg	/_external/static.tildacdn.com/tild3835-3161-4233-b062-653966646463/-.jpg
https://static.tildacdn.com/tild3836-6261-4664-b834-323264393965/_25.jpg	/_external/static.tildacdn.com/tild3836-6261-4664-b834-323264393965/_25.jpg
https://static.tildacdn.com/tild3838-3632-4262-b234-353033363939/vector.svg	/_external/static.tildacdn.com/tild3838-3632-4262-b234-353033363939/vector.svg
https://static.tildacdn.com/tild3838-6530-4662-b133-623966323132/---1.jpg	/_external/static.tildacdn.com/tild3838-6530-4662-b133-623966323132/---1.jpg
https://static.tildacdn.com/tild3861-6265-4731-b637-366162346662/-.jpg	/_external/static.tildacdn.com/tild3861-6265-4731-b637-366162346662/-.jpg
https://static.tildacdn.com/tild3862-6462-4662-a564-333732353461/---2.jpg	/_external/static.tildacdn.com/tild3862-6462-4662-a564-333732353461/---2.jpg
https://static.tildacdn.com/tild3863-3632-4862-b762-306332633861/_1.jpg	/_external/static.tildacdn.com/tild3863-3632-4862-b762-306332633861/_1.jpg
https://static.tildacdn.com/tild3863-6164-4530-b934-376431343761/photo.png	/_external/static.tildacdn.com/tild3863-6164-4530-b934-376431343761/photo.png
https://static.tildacdn.com/tild3863-6262-4336-b661-383732613736/noroot.png	/_external/static.tildacdn.com/tild3863-6262-4336-b661-383732613736/noroot.png
https://static.tildacdn.com/tild3865-3938-4937-b066-643165636430/vector.svg	/_external/static.tildacdn.com/tild3865-3938-4937-b066-643165636430/vector.svg
https://static.tildacdn.com/tild3931-3335-4836-a562-343164616330/noroot.png	/_external/static.tildacdn.com/tild3931-3335-4836-a562-343164616330/noroot.png
https://static.tildacdn.com/tild3931-3431-4334-a138-643334343238/vector.svg	/_external/static.tildacdn.com/tild3931-3431-4334-a138-643334343238/vector.svg
https://static.tildacdn.com/tild6135-3263-4564-b165-343638656636/photo.png	/_external/static.tildacdn.com/tild6135-3263-4564-b165-343638656636/photo.png
https://static.tildacdn.com/tild6137-6136-4162-a463-656262323130/sg_pic_685aaf948e91a.png	/_external/static.tildacdn.com/tild6137-6136-4162-a463-656262323130/sg_pic_685aaf948e91a.png
https://static.tildacdn.com/tild6162-3061-4263-b266-323962656530/noroot.png	/_external/static.tildacdn.com/tild6162-3061-4263-b266-323962656530/noroot.png
https://static.tildacdn.com/tild6165-3164-4532-b636-396135623530/-.jpg	/_external/static.tildacdn.com/tild6165-3164-4532-b636-396135623530/-.jpg
https://static.tildacdn.com/tild6165-6337-4130-a461-326335613539/-.jpg	/_external/static.tildacdn.com/tild6165-6337-4130-a461-326335613539/-.jpg
https://static.tildacdn.com/tild6233-6264-4333-b738-393533623630/vector.svg	/_external/static.tildacdn.com/tild6233-6264-4333-b738-393533623630/vector.svg
https://static.tildacdn.com/tild6235-3838-4339-b766-623038323131/photo.png	/_external/static.tildacdn.com/tild6235-3838-4339-b766-623038323131/photo.png
https://static.tildacdn.com/tild6237-3439-4833-b232-656632353763/_20.jpg	/_external/static.tildacdn.com/tild6237-3439-4833-b232-656632353763/_20.jpg
https://static.tildacdn.com/tild6261-6666-4234-b463-336333653136/--.jpg	/_external/static.tildacdn.com/tild6261-6666-4234-b463-336333653136/--.jpg
https://static.tildacdn.com/tild6262-6533-4064-a136-623633626539/photo.jpg	/_external/static.tildacdn.com/tild6262-6533-4064-a136-623633626539/photo.jpg
https://static.tildacdn.com/tild6266-3066-4237-b236-303265383238/sg_pic_685aaf948e91a.jpg	/_external/static.tildacdn.com/tild6266-3066-4237-b236-303265383238/sg_pic_685aaf948e91a.jpg
https://static.tildacdn.com/tild6332-3064-4139-b032-393464303033/_24.jpg	/_external/static.tildacdn.com/tild6332-3064-4139-b032-393464303033/_24.jpg
https://static.tildacdn.com/tild6337-6338-4366-b233-373739653035/vector.svg	/_external/static.tildacdn.com/tild6337-6338-4366-b233-373739653035/vector.svg
https://static.tildacdn.com/tild6338-3639-4539-b639-383439383462/_12.jpg	/_external/static.tildacdn.com/tild6338-3639-4539-b639-383439383462/_12.jpg
https://static.tildacdn.com/tild6339-3532-4766-b831-306363366331/photo.png	/_external/static.tildacdn.com/tild6339-3532-4766-b831-306363366331/photo.png
https://static.tildacdn.com/tild6339-3862-4338-b030-343734646361/-.jpg	/_external/static.tildacdn.com/tild6339-3862-4338-b030-343734646361/-.jpg
https://static.tildacdn.com/tild6365-3963-4138-a134-373239643834/photo.png	/_external/static.tildacdn.com/tild6365-3963-4138-a134-373239643834/photo.png
https://static.tildacdn.com/tild6366-3938-4132-a366-393935386132/9056138.png	/_external/static.tildacdn.com/tild6366-3938-4132-a366-393935386132/9056138.png
https://static.tildacdn.com/tild6430-3436-4631-a233-636461653737/-.jpg	/_external/static.tildacdn.com/tild6430-3436-4631-a233-636461653737/-.jpg
https://static.tildacdn.com/tild6431-6236-4239-b261-316435343461/_13.jpg	/_external/static.tildacdn.com/tild6431-6236-4239-b261-316435343461/_13.jpg
https://static.tildacdn.com/tild6432-6636-4933-b765-636333353537/noroot.png	/_external/static.tildacdn.com/tild6432-6636-4933-b765-636333353537/noroot.png
https://static.tildacdn.com/tild6436-3666-4566-b735-346366346430/_39.jpg	/_external/static.tildacdn.com/tild6436-3666-4566-b735-346366346430/_39.jpg
https://static.tildacdn.com/tild6437-3233-4338-b766-386562643364/-.jpg	/_external/static.tildacdn.com/tild6437-3233-4338-b766-386562643364/-.jpg
https://static.tildacdn.com/tild6463-6564-4563-b661-336631646533/sg_pic_685ea82bb13b7.jpg	/_external/static.tildacdn.com/tild6463-6564-4563-b661-336631646533/sg_pic_685ea82bb13b7.jpg
https://static.tildacdn.com/tild6463-6662-4437-b132-343935613139/vector.svg	/_external/static.tildacdn.com/tild6463-6662-4437-b132-343935613139/vector.svg
https://static.tildacdn.com/tild6464-6333-4462-b764-653162353531/vector.svg	/_external/static.tildacdn.com/tild6464-6333-4462-b764-653162353531/vector.svg
https://static.tildacdn.com/tild6465-3965-4562-b964-363165323034/--.jpg	/_external/static.tildacdn.com/tild6465-3965-4562-b964-363165323034/--.jpg
https://static.tildacdn.com/tild6466-3434-4834-b834-643764336139/_16.jpg	/_external/static.tildacdn.com/tild6466-3434-4834-b834-643764336139/_16.jpg
https://static.tildacdn.com/tild6531-3637-4866-a533-333065623166/_23.jpg	/_external/static.tildacdn.com/tild6531-3637-4866-a533-333065623166/_23.jpg
https://static.tildacdn.com/tild6535-3334-4266-b633-376335356465/_19.jpg	/_external/static.tildacdn.com/tild6535-3334-4266-b633-376335356465/_19.jpg
https://static.tildacdn.com/tild6535-6638-4162-b263-343231313138/-.jpg	/_external/static.tildacdn.com/tild6535-6638-4162-b263-343231313138/-.jpg
https://static.tildacdn.com/tild6537-6431-4136-a363-653931653963/vector.svg	/_external/static.tildacdn.com/tild6537-6431-4136-a363-653931653963/vector.svg
https://static.tildacdn.com/tild6538-6566-4837-a330-356462653035/vector.svg	/_external/static.tildacdn.com/tild6538-6566-4837-a330-356462653035/vector.svg
https://static.tildacdn.com/tild6539-3530-4032-a662-383634383864/_11.jpg	/_external/static.tildacdn.com/tild6539-3530-4032-a662-383634383864/_11.jpg
https://static.tildacdn.com/tild6632-6632-4439-b331-396633326436/_41.jpg	/_external/static.tildacdn.com/tild6632-6632-4439-b331-396633326436/_41.jpg
https://static.tildacdn.com/tild6636-3437-4431-a466-653565323866/vector.svg	/_external/static.tildacdn.com/tild6636-3437-4431-a466-653565323866/vector.svg
https://static.tildacdn.com/tild6636-3836-4134-b236-373062316464/_v6_.png	/_external/static.tildacdn.com/tild6636-3836-4134-b236-373062316464/_v6_.png
https://static.tildacdn.com/tild6636-3964-4461-b137-336337656463/---2.jpg	/_external/static.tildacdn.com/tild6636-3964-4461-b137-336337656463/---2.jpg
https://static.tildacdn.com/tild6637-6135-4261-a138-386139353635/noroot.png	/_external/static.tildacdn.com/tild6637-6135-4261-a138-386139353635/noroot.png
https://static.tildacdn.com/tild6638-3266-4366-b631-653633383432/favicon.ico	/_external/static.tildacdn.com/tild6638-3266-4366-b631-653633383432/favicon.ico
https://static.tildacdn.com/tild6638-3762-4637-b138-323638323533/--.jpg	/_external/static.tildacdn.com/tild6638-3762-4637-b138-323638323533/--.jpg
https://static.tildacdn.com/tild6664-3336-4634-b631-363066303864/--.jpg	/_external/static.tildacdn.com/tild6664-3336-4634-b631-363066303864/--.jpg
https://static.tildacdn.com/tild6664-6636-4962-a639-356137643063/-.jpg	/_external/static.tildacdn.com/tild6664-6636-4962-a639-356137643063/-.jpg
https://static.tildacdn.com/ws/project3964517/tilda-blocks-page28899924.min.css?t=1772608081	/_external/static.tildacdn.com/ws/project3964517/tilda-blocks-page28899924.min__q_b699100209.css
https://static.tildacdn.com/ws/project3964517/tilda-blocks-page28899924.min.js?t=1772608081	/_external/static.tildacdn.com/ws/project3964517/tilda-blocks-page28899924.min__q_b699100209.js
https://static.tildacdn.com/ws/project3964517/tilda-blocks-page28912341.min.css?t=1772608076	/_external/static.tildacdn.com/ws/project3964517/tilda-blocks-page28912341.min__q_e054e2827f.css
https://static.tildacdn.com/ws/project3964517/tilda-blocks-page28912341.min.js?t=1772608076	/_external/static.tildacdn.com/ws/project3964517/tilda-blocks-page28912341.min__q_e054e2827f.js
https://static.tildacdn.com/ws/project3964517/tilda-blocks-page28912345.min.css?t=1772608076	/_external/static.tildacdn.com/ws/project3964517/tilda-blocks-page28912345.min__q_e054e2827f.css
https://static.tildacdn.com/ws/project3964517/tilda-blocks-page28912345.min.js?t=1772608076	/_external/static.tildacdn.com/ws/project3964517/tilda-blocks-page28912345.min__q_e054e2827f.js
https://static.tildacdn.com/ws/project3964517/tilda-blocks-page28913077.min.css?t=1772608082	/_external/static.tildacdn.com/ws/project3964517/tilda-blocks-page28913077.min__q_b8ab7f584a.css
https://static.tildacdn.com/ws/project3964517/tilda-blocks-page28913077.min.js?t=1772608082	/_external/static.tildacdn.com/ws/project3964517/tilda-blocks-page28913077.min__q_b8ab7f584a.js
https://static.tildacdn.com/ws/project3964517/tilda-blocks-page31916100.min.css?t=1772608080	/_external/static.tildacdn.com/ws/project3964517/tilda-blocks-page31916100.min__q_9de47269a1.css
https://static.tildacdn.com/ws/project3964517/tilda-blocks-page31916100.min.js?t=1772608080	/_external/static.tildacdn.com/ws/project3964517/tilda-blocks-page31916100.min__q_9de47269a1.js
https://static.tildacdn.com/ws/project3964517/tilda-blocks-page31927610.min.css?t=1772608076	/_external/static.tildacdn.com/ws/project3964517/tilda-blocks-page31927610.min__q_e054e2827f.css
https://static.tildacdn.com/ws/project3964517/tilda-blocks-page31927610.min.js?t=1772608076	/_external/static.tildacdn.com/ws/project3964517/tilda-blocks-page31927610.min__q_e054e2827f.js
https://static.tildacdn.com/ws/project3964517/tilda-blocks-page32088114.min.css?t=1772608084	/_external/static.tildacdn.com/ws/project3964517/tilda-blocks-page32088114.min__q_03fd4e4f5b.css
https://static.tildacdn.com/ws/project3964517/tilda-blocks-page32088114.min.js?t=1772608084	/_external/static.tildacdn.com/ws/project3964517/tilda-blocks-page32088114.min__q_03fd4e4f5b.js
https://static.tildacdn.com/ws/project3964517/tilda-blocks-page32108102.min.css?t=1772608079	/_external/static.tildacdn.com/ws/project3964517/tilda-blocks-page32108102.min__q_4fbc3ff04c.css
https://static.tildacdn.com/ws/project3964517/tilda-blocks-page32108102.min.js?t=1772608079	/_external/static.tildacdn.com/ws/project3964517/tilda-blocks-page32108102.min__q_4fbc3ff04c.js
https://static.tildacdn.com/ws/project3964517/tilda-blocks-page32108608.min.css?t=1772608082	/_external/static.tildacdn.com/ws/project3964517/tilda-blocks-page32108608.min__q_b8ab7f584a.css
https://static.tildacdn.com/ws/project3964517/tilda-blocks-page32108608.min.js?t=1772608082	/_external/static.tildacdn.com/ws/project3964517/tilda-blocks-page32108608.min__q_b8ab7f584a.js
https://static.tildacdn.com/ws/project3964517/tilda-blocks-page40727557.min.css?t=1772608079	/_external/static.tildacdn.com/ws/project3964517/tilda-blocks-page40727557.min__q_4fbc3ff04c.css
https://static.tildacdn.com/ws/project3964517/tilda-blocks-page40727557.min.js?t=1772608079	/_external/static.tildacdn.com/ws/project3964517/tilda-blocks-page40727557.min__q_4fbc3ff04c.js
https://static.tildacdn.com/ws/project3964517/tilda-blocks-page41375130.min.css?t=1772608080	/_external/static.tildacdn.com/ws/project3964517/tilda-blocks-page41375130.min__q_9de47269a1.css
https://static.tildacdn.com/ws/project3964517/tilda-blocks-page41375130.min.js?t=1772608080	/_external/static.tildacdn.com/ws/project3964517/tilda-blocks-page41375130.min__q_9de47269a1.js
https://static.tildacdn.com/ws/project3964517/tilda-blocks-page42619553.min.css?t=1772608078	/_external/static.tildacdn.com/ws/project3964517/tilda-blocks-page42619553.min__q_9f1a5fb462.css
https://static.tildacdn.com/ws/project3964517/tilda-blocks-page42619553.min.js?t=1772608078	/_external/static.tildacdn.com/ws/project3964517/tilda-blocks-page42619553.min__q_9f1a5fb462.js
https://static.tildacdn.com/ws/project3964517/tilda-blocks-page51393797.min.css?t=1772608084	/_external/static.tildacdn.com/ws/project3964517/tilda-blocks-page51393797.min__q_03fd4e4f5b.css
https://static.tildacdn.com/ws/project3964517/tilda-blocks-page51393797.min.js?t=1772608084	/_external/static.tildacdn.com/ws/project3964517/tilda-blocks-page51393797.min__q_03fd4e4f5b.js
https://static.tildacdn.com/ws/project3964517/tilda-blocks-page52312037.min.css?t=1774332716	/_external/static.tildacdn.com/ws/project3964517/tilda-blocks-page52312037.min__q_0bfd0a1b8b.css
https://static.tildacdn.com/ws/project3964517/tilda-blocks-page52312037.min.js?t=1774332716	/_external/static.tildacdn.com/ws/project3964517/tilda-blocks-page52312037.min__q_0bfd0a1b8b.js
https://static.tildacdn.com/ws/project3964517/tilda-blocks-page70339317.min.css?t=1772608077	/_external/static.tildacdn.com/ws/project3964517/tilda-blocks-page70339317.min__q_5ce1a80faf.css
https://static.tildacdn.com/ws/project3964517/tilda-blocks-page70339317.min.js?t=1772608077	/_external/static.tildacdn.com/ws/project3964517/tilda-blocks-page70339317.min__q_5ce1a80faf.js
https://static.tildacdn.com/ws/project3964517/tilda-blocks-page71399481.min.css?t=1772608084	/_external/static.tildacdn.com/ws/project3964517/tilda-blocks-page71399481.min__q_03fd4e4f5b.css
https://static.tildacdn.com/ws/project3964517/tilda-blocks-page71399481.min.js?t=1772608084	/_external/static.tildacdn.com/ws/project3964517/tilda-blocks-page71399481.min__q_03fd4e4f5b.js
https://static.tildacdn.com/ws/project3964517/tilda-blocks-page71460265.min.css?t=1772608081	/_external/static.tildacdn.com/ws/project3964517/tilda-blocks-page71460265.min__q_b699100209.css
https://static.tildacdn.com/ws/project3964517/tilda-blocks-page71460265.min.js?t=1772608081	/_external/static.tildacdn.com/ws/project3964517/tilda-blocks-page71460265.min__q_b699100209.js
https://static.tildacdn.com/ws/project3964517/tilda-blocks-page71547351.min.css?t=1772608083	/_external/static.tildacdn.com/ws/project3964517/tilda-blocks-page71547351.min__q_d3f8e78e68.css
https://static.tildacdn.com/ws/project3964517/tilda-blocks-page71547351.min.js?t=1772608083	/_external/static.tildacdn.com/ws/project3964517/tilda-blocks-page71547351.min__q_d3f8e78e68.js
https://static.tildacdn.com/ws/project3964517/tilda-blocks-page71768123.min.css?t=1772608080	/_external/static.tildacdn.com/ws/project3964517/tilda-blocks-page71768123.min__q_9de47269a1.css
https://static.tildacdn.com/ws/project3964517/tilda-blocks-page71768123.min.js?t=1772608080	/_external/static.tildacdn.com/ws/project3964517/tilda-blocks-page71768123.min__q_9de47269a1.js
https://static.tildacdn.com/ws/project3964517/tilda-blocks-page72120157.min.css?t=1772608078	/_external/static.tildacdn.com/ws/project3964517/tilda-blocks-page72120157.min__q_9f1a5fb462.css
https://static.tildacdn.com/ws/project3964517/tilda-blocks-page72120157.min.js?t=1772608078	/_external/static.tildacdn.com/ws/project3964517/tilda-blocks-page72120157.min__q_9f1a5fb462.js
https://static.tildacdn.com/ws/project3964517/tilda-blocks-page72121483.min.css?t=1772608079	/_external/static.tildacdn.com/ws/project3964517/tilda-blocks-page72121483.min__q_4fbc3ff04c.css
https://static.tildacdn.com/ws/project3964517/tilda-blocks-page72121483.min.js?t=1772608079	/_external/static.tildacdn.com/ws/project3964517/tilda-blocks-page72121483.min__q_4fbc3ff04c.js
https://static.tildacdn.com/ws/project3964517/tilda-blocks-page72175857.min.css?t=1772608079	/_external/static.tildacdn.com/ws/project3964517/tilda-blocks-page72175857.min__q_4fbc3ff04c.css
https://static.tildacdn.com/ws/project3964517/tilda-blocks-page72175857.min.js?t=1772608079	/_external/static.tildacdn.com/ws/project3964517/tilda-blocks-page72175857.min__q_4fbc3ff04c.js
https://static.tildacdn.com/ws/project3964517/tilda-blocks-page72182793.min.css?t=1772608080	/_external/static.tildacdn.com/ws/project3964517/tilda-blocks-page72182793.min__q_9de47269a1.css
https://static.tildacdn.com/ws/project3964517/tilda-blocks-page72182793.min.js?t=1772608080	/_external/static.tildacdn.com/ws/project3964517/tilda-blocks-page72182793.min__q_9de47269a1.js
https://static.tildacdn.com/ws/project3964517/tilda-blocks-page72322851.min.css?t=1772608082	/_external/static.tildacdn.com/ws/project3964517/tilda-blocks-page72322851.min__q_b8ab7f584a.css
https://static.tildacdn.com/ws/project3964517/tilda-blocks-page72322851.min.js?t=1772608082	/_external/static.tildacdn.com/ws/project3964517/tilda-blocks-page72322851.min__q_b8ab7f584a.js
https://static.tildacdn.com/ws/project3964517/tilda-blocks-page72325873.min.css?t=1772608082	/_external/static.tildacdn.com/ws/project3964517/tilda-blocks-page72325873.min__q_b8ab7f584a.css
https://static.tildacdn.com/ws/project3964517/tilda-blocks-page72325873.min.js?t=1772608082	/_external/static.tildacdn.com/ws/project3964517/tilda-blocks-page72325873.min__q_b8ab7f584a.js
https://static.tildacdn.com/ws/project3964517/tilda-blocks-page72328619.min.css?t=1772608083	/_external/static.tildacdn.com/ws/project3964517/tilda-blocks-page72328619.min__q_d3f8e78e68.css
https://static.tildacdn.com/ws/project3964517/tilda-blocks-page72328619.min.js?t=1772608083	/_external/static.tildacdn.com/ws/project3964517/tilda-blocks-page72328619.min__q_d3f8e78e68.js
https://static.tildacdn.com/ws/project3964517/tilda-blocks-page72336661.min.css?t=1772608083	/_external/static.tildacdn.com/ws/project3964517/tilda-blocks-page72336661.min__q_d3f8e78e68.css
https://static.tildacdn.com/ws/project3964517/tilda-blocks-page72336661.min.js?t=1772608083	/_external/static.tildacdn.com/ws/project3964517/tilda-blocks-page72336661.min__q_d3f8e78e68.js
https://static.tildacdn.com/ws/project3964517/tilda-blocks-page73561679.min.css?t=1774346900	/_external/static.tildacdn.com/ws/project3964517/tilda-blocks-page73561679.min__q_8a236e2f98.css
https://static.tildacdn.com/ws/project3964517/tilda-blocks-page73561679.min.js?t=1774346900	/_external/static.tildacdn.com/ws/project3964517/tilda-blocks-page73561679.min__q_8a236e2f98.js
https://static.tildacdn.com/ws/project3964517/tilda-blocks-page83085476.min.css?t=1772608083	/_external/static.tildacdn.com/ws/project3964517/tilda-blocks-page83085476.min__q_d3f8e78e68.css
https://static.tildacdn.com/ws/project3964517/tilda-blocks-page83085476.min.js?t=1772608083	/_external/static.tildacdn.com/ws/project3964517/tilda-blocks-page83085476.min__q_d3f8e78e68.js
https://thb.tildacdn.com/tild3030-3030-4962-b332-643232663630/-/resizeb/20x/_2.jpg	/_external/thb.tildacdn.com/tild3030-3030-4962-b332-643232663630/-/resizeb/20x/_2.jpg
https://thb.tildacdn.com/tild3032-3934-4364-a362-356565613337/-/resizeb/20x/_7.jpg	/_external/thb.tildacdn.com/tild3032-3934-4364-a362-356565613337/-/resizeb/20x/_7.jpg
https://thb.tildacdn.com/tild3039-3661-4132-a164-636534323061/-/resizeb/20x/_36.jpg	/_external/thb.tildacdn.com/tild3039-3661-4132-a164-636534323061/-/resizeb/20x/_36.jpg
https://thb.tildacdn.com/tild3061-6566-4134-a635-653564383832/-/empty/photo.png	/_external/thb.tildacdn.com/tild3061-6566-4134-a635-653564383832/-/empty/photo.png
https://thb.tildacdn.com/tild3062-6536-4465-b065-653036353332/-/resizeb/20x/_6.jpg	/_external/thb.tildacdn.com/tild3062-6536-4465-b065-653036353332/-/resizeb/20x/_6.jpg
https://thb.tildacdn.com/tild3136-3265-4834-b932-343637656265/-/resizeb/20x/_29.jpg	/_external/thb.tildacdn.com/tild3136-3265-4834-b932-343637656265/-/resizeb/20x/_29.jpg
https://thb.tildacdn.com/tild3162-6363-4465-b565-663863306238/-/resizeb/20x/noroot.png	/_external/thb.tildacdn.com/tild3162-6363-4465-b565-663863306238/-/resizeb/20x/noroot.png
https://thb.tildacdn.com/tild3163-3039-4931-b633-313734346130/-/resizeb/20x/_33.jpg	/_external/thb.tildacdn.com/tild3163-3039-4931-b633-313734346130/-/resizeb/20x/_33.jpg
https://thb.tildacdn.com/tild3261-6439-4961-b961-356664653261/-/resizeb/20x/_7.jpg	/_external/thb.tildacdn.com/tild3261-6439-4961-b961-356664653261/-/resizeb/20x/_7.jpg
https://thb.tildacdn.com/tild3263-3638-4865-b731-316466323536/-/resizeb/20x/_34.jpg	/_external/thb.tildacdn.com/tild3263-3638-4865-b731-316466323536/-/resizeb/20x/_34.jpg
https://thb.tildacdn.com/tild3265-6130-4536-a335-363535613563/-/resizeb/20x/noroot.png	/_external/thb.tildacdn.com/tild3265-6130-4536-a335-363535613563/-/resizeb/20x/noroot.png
https://thb.tildacdn.com/tild3265-6639-4062-a633-373439326566/-/resizeb/20x/noroot.png	/_external/thb.tildacdn.com/tild3265-6639-4062-a633-373439326566/-/resizeb/20x/noroot.png
https://thb.tildacdn.com/tild3266-6664-4431-b765-623464306662/-/empty/photo.png	/_external/thb.tildacdn.com/tild3266-6664-4431-b765-623464306662/-/empty/photo.png
https://thb.tildacdn.com/tild3335-3431-4531-b830-333533393764/-/resizeb/20x/_7.jpg	/_external/thb.tildacdn.com/tild3335-3431-4531-b830-333533393764/-/resizeb/20x/_7.jpg
https://thb.tildacdn.com/tild3337-3539-4131-a632-656266353239/-/resize/20x/---1.jpg	/_external/thb.tildacdn.com/tild3337-3539-4131-a632-656266353239/-/resize/20x/---1.jpg
https://thb.tildacdn.com/tild3337-3539-4131-a632-656266353239/-/resizeb/20x/---1.jpg	/_external/thb.tildacdn.com/tild3337-3539-4131-a632-656266353239/-/resizeb/20x/---1.jpg
https://thb.tildacdn.com/tild3337-6663-4534-b431-633364313861/-/resizeb/20x/_6.jpg	/_external/thb.tildacdn.com/tild3337-6663-4534-b431-633364313861/-/resizeb/20x/_6.jpg
https://thb.tildacdn.com/tild3365-3166-4233-b865-343635343031/-/resize/20x/noroot.png	/_external/thb.tildacdn.com/tild3365-3166-4233-b865-343635343031/-/resize/20x/noroot.png
https://thb.tildacdn.com/tild3433-6366-4135-a164-626261313930/-/empty/_.png	/_external/thb.tildacdn.com/tild3433-6366-4135-a164-626261313930/-/empty/_.png
https://thb.tildacdn.com/tild3461-3137-4463-b639-323766326336/-/resizeb/20x/_15.jpg	/_external/thb.tildacdn.com/tild3461-3137-4463-b639-323766326336/-/resizeb/20x/_15.jpg
https://thb.tildacdn.com/tild3465-3631-4235-b536-313331643633/-/resizeb/20x/noroot.png	/_external/thb.tildacdn.com/tild3465-3631-4235-b536-313331643633/-/resizeb/20x/noroot.png
https://thb.tildacdn.com/tild3466-3533-4262-b266-643436653938/-/empty/photo.png	/_external/thb.tildacdn.com/tild3466-3533-4262-b266-643436653938/-/empty/photo.png
https://thb.tildacdn.com/tild3530-6533-4161-b630-623434616263/-/resizeb/20x/noroot.png	/_external/thb.tildacdn.com/tild3530-6533-4161-b630-623434616263/-/resizeb/20x/noroot.png
https://thb.tildacdn.com/tild3533-3233-4561-b865-333734343134/-/empty/photo.png	/_external/thb.tildacdn.com/tild3533-3233-4561-b865-333734343134/-/empty/photo.png
https://thb.tildacdn.com/tild3537-6665-4330-a433-613639643461/-/resize/20x/---1.jpg	/_external/thb.tildacdn.com/tild3537-6665-4330-a433-613639643461/-/resize/20x/---1.jpg
https://thb.tildacdn.com/tild3633-3432-4766-a433-353138376132/-/resizeb/20x/_14.jpg	/_external/thb.tildacdn.com/tild3633-3432-4766-a433-353138376132/-/resizeb/20x/_14.jpg
https://thb.tildacdn.com/tild3637-3437-4237-b361-666239623032/-/empty/1.png	/_external/thb.tildacdn.com/tild3637-3437-4237-b361-666239623032/-/empty/1.png
https://thb.tildacdn.com/tild3639-3165-4162-b236-353838666134/-/empty/photo.png	/_external/thb.tildacdn.com/tild3639-3165-4162-b236-353838666134/-/empty/photo.png
https://thb.tildacdn.com/tild3734-6536-4632-b832-346239333965/-/empty/photo.png	/_external/thb.tildacdn.com/tild3734-6536-4632-b832-346239333965/-/empty/photo.png
https://thb.tildacdn.com/tild3734-6538-4361-b561-386664316366/-/resizeb/20x/_30.jpg	/_external/thb.tildacdn.com/tild3734-6538-4361-b561-386664316366/-/resizeb/20x/_30.jpg
https://thb.tildacdn.com/tild3737-3933-4262-b264-363665613636/-/empty/photo.png	/_external/thb.tildacdn.com/tild3737-3933-4262-b264-363665613636/-/empty/photo.png
https://thb.tildacdn.com/tild3737-6461-4531-b436-373235616537/-/resizeb/20x/_1.jpg	/_external/thb.tildacdn.com/tild3737-6461-4531-b436-373235616537/-/resizeb/20x/_1.jpg
https://thb.tildacdn.com/tild3738-3434-4461-b065-613636326437/-/resizeb/20x/_9.jpg	/_external/thb.tildacdn.com/tild3738-3434-4461-b065-613636326437/-/resizeb/20x/_9.jpg
https://thb.tildacdn.com/tild3833-3235-4231-b064-393435303361/-/resizeb/20x/_4.jpg	/_external/thb.tildacdn.com/tild3833-3235-4231-b064-393435303361/-/resizeb/20x/_4.jpg
https://thb.tildacdn.com/tild3833-3565-4931-b462-343130633030/-/resizeb/20x/--.jpg	/_external/thb.tildacdn.com/tild3833-3565-4931-b462-343130633030/-/resizeb/20x/--.jpg
https://thb.tildacdn.com/tild3833-6365-4164-b435-613038616639/-/resizeb/20x/sg_pic_685d4bb2f220f.png	/_external/thb.tildacdn.com/tild3833-6365-4164-b435-613038616639/-/resizeb/20x/sg_pic_685d4bb2f220f.png
https://thb.tildacdn.com/tild3836-6261-4664-b834-323264393965/-/resizeb/20x/_25.jpg	/_external/thb.tildacdn.com/tild3836-6261-4664-b834-323264393965/-/resizeb/20x/_25.jpg
https://thb.tildacdn.com/tild3838-6530-4662-b133-623966323132/-/resize/20x/---1.jpg	/_external/thb.tildacdn.com/tild3838-6530-4662-b133-623966323132/-/resize/20x/---1.jpg
https://thb.tildacdn.com/tild3862-6462-4662-a564-333732353461/-/resize/20x/---2.jpg	/_external/thb.tildacdn.com/tild3862-6462-4662-a564-333732353461/-/resize/20x/---2.jpg
https://thb.tildacdn.com/tild3863-3632-4862-b762-306332633861/-/resizeb/20x/_1.jpg	/_external/thb.tildacdn.com/tild3863-3632-4862-b762-306332633861/-/resizeb/20x/_1.jpg
https://thb.tildacdn.com/tild3863-6164-4530-b934-376431343761/-/empty/photo.png	/_external/thb.tildacdn.com/tild3863-6164-4530-b934-376431343761/-/empty/photo.png
https://thb.tildacdn.com/tild3863-6262-4336-b661-383732613736/-/resizeb/20x/noroot.png	/_external/thb.tildacdn.com/tild3863-6262-4336-b661-383732613736/-/resizeb/20x/noroot.png
https://thb.tildacdn.com/tild3931-3335-4836-a562-343164616330/-/resize/20x/noroot.png	/_external/thb.tildacdn.com/tild3931-3335-4836-a562-343164616330/-/resize/20x/noroot.png
https://thb.tildacdn.com/tild6135-3263-4564-b165-343638656636/-/empty/photo.png	/_external/thb.tildacdn.com/tild6135-3263-4564-b165-343638656636/-/empty/photo.png
https://thb.tildacdn.com/tild6137-6136-4162-a463-656262323130/-/resizeb/20x/sg_pic_685aaf948e91a.png	/_external/thb.tildacdn.com/tild6137-6136-4162-a463-656262323130/-/resizeb/20x/sg_pic_685aaf948e91a.png
https://thb.tildacdn.com/tild6162-3061-4263-b266-323962656530/-/resizeb/20x/noroot.png	/_external/thb.tildacdn.com/tild6162-3061-4263-b266-323962656530/-/resizeb/20x/noroot.png
https://thb.tildacdn.com/tild6235-3838-4339-b766-623038323131/-/empty/photo.png	/_external/thb.tildacdn.com/tild6235-3838-4339-b766-623038323131/-/empty/photo.png
https://thb.tildacdn.com/tild6262-6533-4064-a136-623633626539/-/resizeb/20x/photo.jpg	/_external/thb.tildacdn.com/tild6262-6533-4064-a136-623633626539/-/resizeb/20x/photo.jpg
https://thb.tildacdn.com/tild6266-3066-4237-b236-303265383238/-/resizeb/20x/sg_pic_685aaf948e91a.jpg	/_external/thb.tildacdn.com/tild6266-3066-4237-b236-303265383238/-/resizeb/20x/sg_pic_685aaf948e91a.jpg
https://thb.tildacdn.com/tild6332-3064-4139-b032-393464303033/-/resizeb/20x/_24.jpg	/_external/thb.tildacdn.com/tild6332-3064-4139-b032-393464303033/-/resizeb/20x/_24.jpg
https://thb.tildacdn.com/tild6338-3639-4539-b639-383439383462/-/resizeb/20x/_12.jpg	/_external/thb.tildacdn.com/tild6338-3639-4539-b639-383439383462/-/resizeb/20x/_12.jpg
https://thb.tildacdn.com/tild6339-3532-4766-b831-306363366331/-/empty/photo.png	/_external/thb.tildacdn.com/tild6339-3532-4766-b831-306363366331/-/empty/photo.png
https://thb.tildacdn.com/tild6365-3963-4138-a134-373239643834/-/empty/photo.png	/_external/thb.tildacdn.com/tild6365-3963-4138-a134-373239643834/-/empty/photo.png
https://thb.tildacdn.com/tild6431-6236-4239-b261-316435343461/-/resizeb/20x/_13.jpg	/_external/thb.tildacdn.com/tild6431-6236-4239-b261-316435343461/-/resizeb/20x/_13.jpg
https://thb.tildacdn.com/tild6432-6636-4933-b765-636333353537/-/resize/20x/noroot.png	/_external/thb.tildacdn.com/tild6432-6636-4933-b765-636333353537/-/resize/20x/noroot.png
https://thb.tildacdn.com/tild6436-3666-4566-b735-346366346430/-/resizeb/20x/_39.jpg	/_external/thb.tildacdn.com/tild6436-3666-4566-b735-346366346430/-/resizeb/20x/_39.jpg
https://thb.tildacdn.com/tild6466-3434-4834-b834-643764336139/-/resizeb/20x/_16.jpg	/_external/thb.tildacdn.com/tild6466-3434-4834-b834-643764336139/-/resizeb/20x/_16.jpg
https://thb.tildacdn.com/tild6531-3637-4866-a533-333065623166/-/resizeb/20x/_23.jpg	/_external/thb.tildacdn.com/tild6531-3637-4866-a533-333065623166/-/resizeb/20x/_23.jpg
https://thb.tildacdn.com/tild6535-3334-4266-b633-376335356465/-/resizeb/20x/_19.jpg	/_external/thb.tildacdn.com/tild6535-3334-4266-b633-376335356465/-/resizeb/20x/_19.jpg
https://thb.tildacdn.com/tild6539-3530-4032-a662-383634383864/-/resizeb/20x/_11.jpg	/_external/thb.tildacdn.com/tild6539-3530-4032-a662-383634383864/-/resizeb/20x/_11.jpg
https://thb.tildacdn.com/tild6632-6632-4439-b331-396633326436/-/resizeb/20x/_41.jpg	/_external/thb.tildacdn.com/tild6632-6632-4439-b331-396633326436/-/resizeb/20x/_41.jpg
https://thb.tildacdn.com/tild6636-3836-4134-b236-373062316464/-/resize/504x/_v6_.png	/_external/thb.tildacdn.com/tild6636-3836-4134-b236-373062316464/-/resize/504x/_v6_.png
https://thb.tildacdn.com/tild6636-3964-4461-b137-336337656463/-/resize/20x/---2.jpg	/_external/thb.tildacdn.com/tild6636-3964-4461-b137-336337656463/-/resize/20x/---2.jpg
https://thb.tildacdn.com/tild6636-3964-4461-b137-336337656463/-/resize/504x/---2.jpg	/_external/thb.tildacdn.com/tild6636-3964-4461-b137-336337656463/-/resize/504x/---2.jpg
https://thb.tildacdn.com/tild6637-6135-4261-a138-386139353635/-/resizeb/20x/noroot.png	/_external/thb.tildacdn.com/tild6637-6135-4261-a138-386139353635/-/resizeb/20x/noroot.png
https://top-fwz1.mail.ru/js/code.js	/_external/top-fwz1.mail.ru/js/code.js
https://www.googletagmanager.com/ns.html?id=GTM-PBV2TC8	/_external/www.googletagmanager.com/ns__q_1b8f3df0be.html
